{
  "Packages": [
    {
      "Package": {
        "Id": "UiPath.Credentials.Activities",
        "Version": "1.1.6479.13204"
      },
      "Assemblies": [
        "C:\\Users\\pkuma528\\.nuget\\packages\\credentialmanagement/1.0.2\\lib/net35/CredentialManagement.dll",
        "C:\\Users\\pkuma528\\.nuget\\packages\\uipath.credentials.activities/1.1.6479.13204\\lib/net40-client/UiPath.Credentials.Activities.dll"
      ]
    },
    {
      "Package": {
        "Id": "UiPath.Database.Activities",
        "Version": "1.2.6863.32528"
      },
      "Assemblies": [
        "C:\\Users\\pkuma528\\.nuget\\packages\\uipath.database.activities/1.2.6863.32528\\lib/net40-Client/Microsoft.Data.ConnectionUI.Dialog.dll",
        "C:\\Users\\pkuma528\\.nuget\\packages\\uipath.database.activities/1.2.6863.32528\\lib/net40-Client/UiPath.Database.Activities.Design.dll",
        "C:\\Users\\pkuma528\\.nuget\\packages\\uipath.database.activities/1.2.6863.32528\\lib/net40-Client/UiPath.Database.Activities.dll",
        "C:\\Users\\pkuma528\\.nuget\\packages\\uipath.database.activities/1.2.6863.32528\\lib/net40-Client/UiPath.Database.dll"
      ]
    },
    {
      "Package": {
        "Id": "UiPath.Excel.Activities",
        "Version": "2.7.1-beta.557523"
      },
      "Assemblies": [
        "C:\\Users\\pkuma528\\.nuget\\packages\\closedxml/0.87.1\\lib/net40/ClosedXML.dll",
        "C:\\Users\\pkuma528\\.nuget\\packages\\csvhelper/2.13.5\\lib/net40-client/CsvHelper.dll",
        "C:\\Users\\pkuma528\\.nuget\\packages\\documentformat.openxml/2.5.0\\lib/DocumentFormat.OpenXml.dll",
        "C:\\Users\\pkuma528\\.nuget\\packages\\microsoft.visualstudio.ole.interop/7.10.6071\\lib/Microsoft.VisualStudio.OLE.Interop.dll",
        "C:\\Users\\pkuma528\\.nuget\\packages\\npoi/2.4.1\\lib/net45/NPOI.OOXML.dll",
        "C:\\Users\\pkuma528\\.nuget\\packages\\npoi/2.4.1\\lib/net45/NPOI.OpenXml4Net.dll",
        "C:\\Users\\pkuma528\\.nuget\\packages\\npoi/2.4.1\\lib/net45/NPOI.OpenXmlFormats.dll",
        "C:\\Users\\pkuma528\\.nuget\\packages\\npoi/2.4.1\\lib/net45/NPOI.dll",
        "C:\\Users\\pkuma528\\.nuget\\packages\\sharpziplib/1.0.0\\lib/net45/ICSharpCode.SharpZipLib.dll",
        "C:\\Users\\pkuma528\\.nuget\\packages\\uipath.excel.activities/2.7.1-beta.557523\\lib/net461/UiPath.Excel.Activities.Design.dll",
        "C:\\Users\\pkuma528\\.nuget\\packages\\uipath.excel.activities/2.7.1-beta.557523\\lib/net461/UiPath.Excel.Activities.dll",
        "C:\\Users\\pkuma528\\.nuget\\packages\\uipath.excel.activities/2.7.1-beta.557523\\lib/net461/UiPath.Excel.dll"
      ]
    },
    {
      "Package": {
        "Id": "UiPath.Mail.Activities",
        "Version": "1.7.1-beta.557462"
      },
      "Assemblies": [
        "C:\\Users\\pkuma528\\.nuget\\packages\\bouncycastle/1.8.5\\lib/BouncyCastle.Crypto.dll",
        "C:\\Users\\pkuma528\\.nuget\\packages\\interop.domino.dll/1.0.0\\lib/Interop.Domino.dll",
        "C:\\Users\\pkuma528\\.nuget\\packages\\microsoft.exchange.webservices/2.2.0\\lib/40/Microsoft.Exchange.WebServices.Auth.dll",
        "C:\\Users\\pkuma528\\.nuget\\packages\\microsoft.exchange.webservices/2.2.0\\lib/40/Microsoft.Exchange.WebServices.dll",
        "C:\\Users\\pkuma528\\.nuget\\packages\\system.valuetuple/4.5.0\\lib/net461/System.ValueTuple.dll",
        "C:\\Users\\pkuma528\\.nuget\\packages\\uipath.mail.activities/1.7.1-beta.557462\\lib/net461/MailKit.dll",
        "C:\\Users\\pkuma528\\.nuget\\packages\\uipath.mail.activities/1.7.1-beta.557462\\lib/net461/MimeKit.dll",
        "C:\\Users\\pkuma528\\.nuget\\packages\\uipath.mail.activities/1.7.1-beta.557462\\lib/net461/UiPath.Mail.Activities.Design.dll",
        "C:\\Users\\pkuma528\\.nuget\\packages\\uipath.mail.activities/1.7.1-beta.557462\\lib/net461/UiPath.Mail.Activities.dll",
        "C:\\Users\\pkuma528\\.nuget\\packages\\uipath.mail.activities/1.7.1-beta.557462\\lib/net461/UiPath.Mail.dll"
      ]
    },
    {
      "Package": {
        "Id": "UiPath.Python.Activities",
        "Version": "1.1.6863.33404"
      },
      "Assemblies": [
        "C:\\Users\\pkuma528\\.nuget\\packages\\uipath.python.activities/1.1.6863.33404\\lib/net452/UiPath.Python.Activities.Design.dll",
        "C:\\Users\\pkuma528\\.nuget\\packages\\uipath.python.activities/1.1.6863.33404\\lib/net452/UiPath.Python.Activities.dll",
        "C:\\Users\\pkuma528\\.nuget\\packages\\uipath.python.activities/1.1.6863.33404\\lib/net452/UiPath.Python.dll",
        "C:\\Users\\pkuma528\\.nuget\\packages\\uipath.python.activities/1.1.6863.33404\\lib/net452/x64/Python.Runtime.35.dll",
        "C:\\Users\\pkuma528\\.nuget\\packages\\uipath.python.activities/1.1.6863.33404\\lib/net452/x64/Python.Runtime.36.dll",
        "C:\\Users\\pkuma528\\.nuget\\packages\\uipath.python.activities/1.1.6863.33404\\lib/net452/x86/Python.Runtime.27.dll",
        "C:\\Users\\pkuma528\\.nuget\\packages\\uipath.python.activities/1.1.6863.33404\\lib/net452/x86/Python.Runtime.33.dll",
        "C:\\Users\\pkuma528\\.nuget\\packages\\uipath.python.activities/1.1.6863.33404\\lib/net452/x86/Python.Runtime.34.dll",
        "C:\\Users\\pkuma528\\.nuget\\packages\\uipath.python.activities/1.1.6863.33404\\lib/net452/x86/Python.Runtime.35.dll",
        "C:\\Users\\pkuma528\\.nuget\\packages\\uipath.python.activities/1.1.6863.33404\\lib/net452/x86/Python.Runtime.36.dll"
      ]
    },
    {
      "Package": {
        "Id": "UiPath.System.Activities",
        "Version": "19.10.0-beta.558599"
      },
      "Assemblies": [
        "C:\\Users\\pkuma528\\.nuget\\packages\\csvhelper/2.13.5\\lib/net40-client/CsvHelper.dll",
        "C:\\Users\\pkuma528\\.nuget\\packages\\microsoft.aspnet.signalr.client/2.4.0\\lib/net45/Microsoft.AspNet.SignalR.Client.dll",
        "C:\\Users\\pkuma528\\.nuget\\packages\\microsoft.rest.clientruntime/2.3.20\\lib/net461/Microsoft.Rest.ClientRuntime.dll",
        "C:\\Users\\pkuma528\\.nuget\\packages\\newtonsoft.json/11.0.2\\lib/net45/Newtonsoft.Json.dll",
        "C:\\Users\\pkuma528\\.nuget\\packages\\uipath.system.activities/19.10.0-beta.558599\\lib/net461/ActiproSoftware.Docking.Wpf.dll",
        "C:\\Users\\pkuma528\\.nuget\\packages\\uipath.system.activities/19.10.0-beta.558599\\lib/net461/ActiproSoftware.Ribbon.Wpf.dll",
        "C:\\Users\\pkuma528\\.nuget\\packages\\uipath.system.activities/19.10.0-beta.558599\\lib/net461/ActiproSoftware.Shared.Wpf.dll",
        "C:\\Users\\pkuma528\\.nuget\\packages\\uipath.system.activities/19.10.0-beta.558599\\lib/net461/ActiproSoftware.SyntaxEditor.Addons.DotNet.Wpf.dll",
        "C:\\Users\\pkuma528\\.nuget\\packages\\uipath.system.activities/19.10.0-beta.558599\\lib/net461/ActiproSoftware.SyntaxEditor.Wpf.dll",
        "C:\\Users\\pkuma528\\.nuget\\packages\\uipath.system.activities/19.10.0-beta.558599\\lib/net461/ActiproSoftware.Text.Addons.DotNet.Wpf.dll",
        "C:\\Users\\pkuma528\\.nuget\\packages\\uipath.system.activities/19.10.0-beta.558599\\lib/net461/ActiproSoftware.Text.LLParser.Wpf.dll",
        "C:\\Users\\pkuma528\\.nuget\\packages\\uipath.system.activities/19.10.0-beta.558599\\lib/net461/ActiproSoftware.Text.Wpf.dll",
        "C:\\Users\\pkuma528\\.nuget\\packages\\uipath.system.activities/19.10.0-beta.558599\\lib/net461/ActiproSoftware.Wizard.Wpf.dll",
        "C:\\Users\\pkuma528\\.nuget\\packages\\uipath.system.activities/19.10.0-beta.558599\\lib/net461/UiPath.OrchestratorClient.dll",
        "C:\\Users\\pkuma528\\.nuget\\packages\\uipath.system.activities/19.10.0-beta.558599\\lib/net461/UiPath.System.Activities.Design.dll",
        "C:\\Users\\pkuma528\\.nuget\\packages\\uipath.system.activities/19.10.0-beta.558599\\lib/net461/UiPath.System.Activities.dll"
      ]
    },
    {
      "Package": {
        "Id": "UiPath.UIAutomation.Activities",
        "Version": "19.10.0-beta.561155"
      },
      "Assemblies": [
        "C:\\Users\\pkuma528\\.nuget\\packages\\avalonedit/5.0.3\\lib/Net40/ICSharpCode.AvalonEdit.dll",
        "C:\\Users\\pkuma528\\.nuget\\packages\\extended.wpf.toolkit/2.8.0\\lib/net40/Xceed.Wpf.AvalonDock.Themes.Aero.dll",
        "C:\\Users\\pkuma528\\.nuget\\packages\\extended.wpf.toolkit/2.8.0\\lib/net40/Xceed.Wpf.AvalonDock.Themes.Metro.dll",
        "C:\\Users\\pkuma528\\.nuget\\packages\\extended.wpf.toolkit/2.8.0\\lib/net40/Xceed.Wpf.AvalonDock.Themes.VS2010.dll",
        "C:\\Users\\pkuma528\\.nuget\\packages\\extended.wpf.toolkit/2.8.0\\lib/net40/Xceed.Wpf.AvalonDock.dll",
        "C:\\Users\\pkuma528\\.nuget\\packages\\extended.wpf.toolkit/2.8.0\\lib/net40/Xceed.Wpf.DataGrid.dll",
        "C:\\Users\\pkuma528\\.nuget\\packages\\extended.wpf.toolkit/2.8.0\\lib/net40/Xceed.Wpf.Toolkit.dll",
        "C:\\Users\\pkuma528\\.nuget\\packages\\humanizer.core/2.4.2\\lib/netstandard2.0/Humanizer.dll",
        "C:\\Users\\pkuma528\\.nuget\\packages\\newtonsoft.json/11.0.2\\lib/net45/Newtonsoft.Json.dll",
        "C:\\Users\\pkuma528\\.nuget\\packages\\uipath/19.10.7220.12741\\lib/UiPath.Interop.dll",
        "C:\\Users\\pkuma528\\.nuget\\packages\\uipath.ocr.contracts/2.2.1-beta.553728\\lib/net45/UiPath.OCR.Contracts.dll",
        "C:\\Users\\pkuma528\\.nuget\\packages\\uipath.uiautomation.activities/19.10.0-beta.561155\\lib/net461/ActiproSoftware.DataGrid.Contrib.Wpf.dll",
        "C:\\Users\\pkuma528\\.nuget\\packages\\uipath.uiautomation.activities/19.10.0-beta.561155\\lib/net461/ActiproSoftware.Docking.Wpf.dll",
        "C:\\Users\\pkuma528\\.nuget\\packages\\uipath.uiautomation.activities/19.10.0-beta.561155\\lib/net461/ActiproSoftware.Editors.Wpf.dll",
        "C:\\Users\\pkuma528\\.nuget\\packages\\uipath.uiautomation.activities/19.10.0-beta.561155\\lib/net461/ActiproSoftware.Ribbon.Wpf.dll",
        "C:\\Users\\pkuma528\\.nuget\\packages\\uipath.uiautomation.activities/19.10.0-beta.561155\\lib/net461/ActiproSoftware.Shared.Wpf.dll",
        "C:\\Users\\pkuma528\\.nuget\\packages\\uipath.uiautomation.activities/19.10.0-beta.561155\\lib/net461/ActiproSoftware.SyntaxEditor.Addons.DotNet.Wpf.dll",
        "C:\\Users\\pkuma528\\.nuget\\packages\\uipath.uiautomation.activities/19.10.0-beta.561155\\lib/net461/ActiproSoftware.SyntaxEditor.Wpf.dll",
        "C:\\Users\\pkuma528\\.nuget\\packages\\uipath.uiautomation.activities/19.10.0-beta.561155\\lib/net461/ActiproSoftware.Text.Addons.DotNet.Wpf.dll",
        "C:\\Users\\pkuma528\\.nuget\\packages\\uipath.uiautomation.activities/19.10.0-beta.561155\\lib/net461/ActiproSoftware.Text.LLParser.Wpf.dll",
        "C:\\Users\\pkuma528\\.nuget\\packages\\uipath.uiautomation.activities/19.10.0-beta.561155\\lib/net461/ActiproSoftware.Text.Wpf.dll",
        "C:\\Users\\pkuma528\\.nuget\\packages\\uipath.uiautomation.activities/19.10.0-beta.561155\\lib/net461/ActiproSoftware.Wizard.Wpf.dll",
        "C:\\Users\\pkuma528\\.nuget\\packages\\uipath.uiautomation.activities/19.10.0-beta.561155\\lib/net461/UiPath.CV.Activities.Design.dll",
        "C:\\Users\\pkuma528\\.nuget\\packages\\uipath.uiautomation.activities/19.10.0-beta.561155\\lib/net461/UiPath.CV.Activities.dll",
        "C:\\Users\\pkuma528\\.nuget\\packages\\uipath.uiautomation.activities/19.10.0-beta.561155\\lib/net461/UiPath.CV.dll",
        "C:\\Users\\pkuma528\\.nuget\\packages\\uipath.uiautomation.activities/19.10.0-beta.561155\\lib/net461/UiPath.UIAutomation.Activities.Design.dll",
        "C:\\Users\\pkuma528\\.nuget\\packages\\uipath.uiautomation.activities/19.10.0-beta.561155\\lib/net461/UiPath.UiAutomation.Activities.dll",
        "C:\\Users\\pkuma528\\.nuget\\packages\\uipath.uiautomation.activities/19.10.0-beta.561155\\lib/net461/UiPath.Wizards.dll",
        "C:\\Users\\pkuma528\\.nuget\\packages\\uipath.vision/1.8.1-beta.561185\\lib/net452/UiPath.Vision.AbbyyCloud.dll",
        "C:\\Users\\pkuma528\\.nuget\\packages\\uipath.vision/1.8.1-beta.561185\\lib/net452/UiPath.Vision.AbbyyFRE11.dll",
        "C:\\Users\\pkuma528\\.nuget\\packages\\uipath.vision/1.8.1-beta.561185\\lib/net452/UiPath.Vision.AbbyyFRE12.dll",
        "C:\\Users\\pkuma528\\.nuget\\packages\\uipath.vision/1.8.1-beta.561185\\lib/net452/UiPath.Vision.AbbyyFRECommon.dll",
        "C:\\Users\\pkuma528\\.nuget\\packages\\uipath.vision/1.8.1-beta.561185\\lib/net452/UiPath.Vision.AzureComputerVision.dll",
        "C:\\Users\\pkuma528\\.nuget\\packages\\uipath.vision/1.8.1-beta.561185\\lib/net452/UiPath.Vision.Core.dll",
        "C:\\Users\\pkuma528\\.nuget\\packages\\uipath.vision/1.8.1-beta.561185\\lib/net452/UiPath.Vision.GoogleCloud.dll",
        "C:\\Users\\pkuma528\\.nuget\\packages\\uipath.vision/1.8.1-beta.561185\\lib/net452/UiPath.Vision.Microsoft.dll",
        "C:\\Users\\pkuma528\\.nuget\\packages\\uipath.vision/1.8.1-beta.561185\\lib/net452/UiPath.Vision.MicrosoftCloud.dll",
        "C:\\Users\\pkuma528\\.nuget\\packages\\uipath.vision/1.8.1-beta.561185\\lib/net452/UiPath.Vision.Tesseract.dll",
        "C:\\Users\\pkuma528\\.nuget\\packages\\uipath.vision/1.8.1-beta.561185\\lib/net452/UiPath.Vision.dll"
      ]
    },
    {
      "Package": {
        "Id": "UiPath.WebAPI.Activities",
        "Version": "1.4.4"
      },
      "Assemblies": [
        "C:\\Users\\pkuma528\\.nuget\\packages\\avalonedit/5.0.3\\lib/Net40/ICSharpCode.AvalonEdit.dll",
        "C:\\Users\\pkuma528\\.nuget\\packages\\newtonsoft.json/11.0.2\\lib/net45/Newtonsoft.Json.dll",
        "C:\\Users\\pkuma528\\.nuget\\packages\\restsharp/106.3.1\\lib/net452/RestSharp.dll",
        "C:\\Users\\pkuma528\\.nuget\\packages\\uipath.webapi.activities/1.4.4\\lib/net452/UiPath.Web.Activities.Design.dll",
        "C:\\Users\\pkuma528\\.nuget\\packages\\uipath.webapi.activities/1.4.4\\lib/net452/UiPath.Web.Activities.dll",
        "C:\\Users\\pkuma528\\.nuget\\packages\\uipath.webapi.activities/1.4.4\\lib/net452/UiPath.Web.dll"
      ]
    }
  ],
  "Conflicts": [],
  "ResolvedDependencies": {
    "AvalonEdit": {
      "Id": "AvalonEdit",
      "Version": "5.0.3",
      "Dependencies": []
    },
    "BouncyCastle": {
      "Id": "BouncyCastle",
      "Version": "1.8.5",
      "Dependencies": []
    },
    "ClosedXML": {
      "Id": "ClosedXML",
      "Version": "0.87.1",
      "Dependencies": [
        {
          "Item1": "DocumentFormat.OpenXml",
          "Item2": "[2.5.0, )"
        }
      ]
    },
    "CredentialManagement": {
      "Id": "CredentialManagement",
      "Version": "1.0.2",
      "Dependencies": []
    },
    "CsvHelper": {
      "Id": "CsvHelper",
      "Version": "2.13.5",
      "Dependencies": []
    },
    "DocumentFormat.OpenXml": {
      "Id": "DocumentFormat.OpenXml",
      "Version": "2.5.0",
      "Dependencies": []
    },
    "Extended.Wpf.Toolkit": {
      "Id": "Extended.Wpf.Toolkit",
      "Version": "2.8.0",
      "Dependencies": []
    },
    "Humanizer.Core": {
      "Id": "Humanizer.Core",
      "Version": "2.4.2",
      "Dependencies": []
    },
    "interop.domino.dll": {
      "Id": "interop.domino.dll",
      "Version": "1.0.0",
      "Dependencies": []
    },
    "Microsoft.AspNet.SignalR.Client": {
      "Id": "Microsoft.AspNet.SignalR.Client",
      "Version": "2.4.0",
      "Dependencies": [
        {
          "Item1": "Newtonsoft.Json",
          "Item2": "[6.0.4, )"
        }
      ]
    },
    "Microsoft.Exchange.WebServices": {
      "Id": "Microsoft.Exchange.WebServices",
      "Version": "2.2.0",
      "Dependencies": []
    },
    "Microsoft.Rest.ClientRuntime": {
      "Id": "Microsoft.Rest.ClientRuntime",
      "Version": "2.3.20",
      "Dependencies": [
        {
          "Item1": "Newtonsoft.Json",
          "Item2": "[10.0.3, )"
        }
      ]
    },
    "Microsoft.VisualStudio.OLE.Interop": {
      "Id": "Microsoft.VisualStudio.OLE.Interop",
      "Version": "7.10.6071",
      "Dependencies": []
    },
    "Newtonsoft.Json": {
      "Id": "Newtonsoft.Json",
      "Version": "11.0.2",
      "Dependencies": []
    },
    "NPOI": {
      "Id": "NPOI",
      "Version": "2.4.1",
      "Dependencies": [
        {
          "Item1": "SharpZipLib",
          "Item2": "[1.0.0, )"
        }
      ]
    },
    "RestSharp": {
      "Id": "RestSharp",
      "Version": "106.3.1",
      "Dependencies": []
    },
    "SharpZipLib": {
      "Id": "SharpZipLib",
      "Version": "1.0.0",
      "Dependencies": []
    },
    "System.ValueTuple": {
      "Id": "System.ValueTuple",
      "Version": "4.5.0",
      "Dependencies": []
    },
    "UiPath": {
      "Id": "UiPath",
      "Version": "19.10.7220.12741",
      "Dependencies": []
    },
    "UiPath.Credentials.Activities": {
      "Id": "UiPath.Credentials.Activities",
      "Version": "1.1.6479.13204",
      "Dependencies": [
        {
          "Item1": "CredentialManagement",
          "Item2": "[1.0.2, )"
        }
      ]
    },
    "UiPath.Database.Activities": {
      "Id": "UiPath.Database.Activities",
      "Version": "1.2.6863.32528",
      "Dependencies": []
    },
    "UiPath.Excel.Activities": {
      "Id": "UiPath.Excel.Activities",
      "Version": "2.7.1-beta.557523",
      "Dependencies": [
        {
          "Item1": "ClosedXML",
          "Item2": "[0.87.1, )"
        },
        {
          "Item1": "CsvHelper",
          "Item2": "[2.13.5, )"
        },
        {
          "Item1": "DocumentFormat.OpenXml",
          "Item2": "[2.5.0, )"
        },
        {
          "Item1": "Microsoft.VisualStudio.OLE.Interop",
          "Item2": "[7.10.6071, )"
        },
        {
          "Item1": "NPOI",
          "Item2": "[2.4.1, )"
        },
        {
          "Item1": "SharpZipLib",
          "Item2": "[1.0.0, )"
        }
      ]
    },
    "UiPath.Mail.Activities": {
      "Id": "UiPath.Mail.Activities",
      "Version": "1.7.1-beta.557462",
      "Dependencies": [
        {
          "Item1": "System.ValueTuple",
          "Item2": "[4.5.0, )"
        },
        {
          "Item1": "Microsoft.Exchange.WebServices",
          "Item2": "[2.2.0, )"
        },
        {
          "Item1": "BouncyCastle",
          "Item2": "[1.8.5, )"
        },
        {
          "Item1": "interop.domino.dll",
          "Item2": "[1.0.0, )"
        }
      ]
    },
    "UiPath.OCR.Contracts": {
      "Id": "UiPath.OCR.Contracts",
      "Version": "2.2.1-beta.553728",
      "Dependencies": []
    },
    "UiPath.Python.Activities": {
      "Id": "UiPath.Python.Activities",
      "Version": "1.1.6863.33404",
      "Dependencies": []
    },
    "UiPath.System.Activities": {
      "Id": "UiPath.System.Activities",
      "Version": "19.10.0-beta.558599",
      "Dependencies": [
        {
          "Item1": "CsvHelper",
          "Item2": "[2.13.5, )"
        },
        {
          "Item1": "Microsoft.AspNet.SignalR.Client",
          "Item2": "[2.4.0, )"
        },
        {
          "Item1": "Microsoft.Rest.ClientRuntime",
          "Item2": "[2.3.20, )"
        },
        {
          "Item1": "Newtonsoft.Json",
          "Item2": "[11.0.2, )"
        }
      ]
    },
    "UiPath.UIAutomation.Activities": {
      "Id": "UiPath.UIAutomation.Activities",
      "Version": "19.10.0-beta.561155",
      "Dependencies": [
        {
          "Item1": "UiPath",
          "Item2": "[19.10.7220.12741, )"
        },
        {
          "Item1": "UiPath.Vision",
          "Item2": "[1.8.1-beta, )"
        },
        {
          "Item1": "UiPath.OCR.Contracts",
          "Item2": "[2.2.1-beta, )"
        },
        {
          "Item1": "AvalonEdit",
          "Item2": "[5.0.3, )"
        },
        {
          "Item1": "Extended.Wpf.Toolkit",
          "Item2": "[2.8.0, )"
        },
        {
          "Item1": "Humanizer.Core",
          "Item2": "[2.4.2, )"
        },
        {
          "Item1": "Newtonsoft.Json",
          "Item2": "[11.0.2, )"
        }
      ]
    },
    "UiPath.Vision": {
      "Id": "UiPath.Vision",
      "Version": "1.8.1-beta.561185",
      "Dependencies": [
        {
          "Item1": "UiPath.OCR.Contracts",
          "Item2": "[2.2.1-beta, )"
        }
      ]
    },
    "UiPath.WebAPI.Activities": {
      "Id": "UiPath.WebAPI.Activities",
      "Version": "1.4.4",
      "Dependencies": [
        {
          "Item1": "AvalonEdit",
          "Item2": "[5.0.3, )"
        },
        {
          "Item1": "Newtonsoft.Json",
          "Item2": "[11.0.2, )"
        },
        {
          "Item1": "RestSharp",
          "Item2": "[106.3.1, )"
        }
      ]
    }
  }
}